{
  "LogisticRegression": {
    "accuracy": 0.7805789583903862,
    "f1": 0.7197613414257792,
    "roc_auc": 0.8649149780961893,
    "confusion": [
      [
        30964,
        5071
      ],
      [
        8550,
        17492
      ]
    ]
  },
  "RandomForest": {
    "accuracy": 0.9134462039080496,
    "f1": 0.8956435605104202,
    "roc_auc": 0.9591887423702222,
    "confusion": [
      [
        33647,
        2388
      ],
      [
        2985,
        23057
      ]
    ]
  },
  "GradientBoosting": {
    "accuracy": 0.917167388887994,
    "f1": 0.9010011551790528,
    "roc_auc": 0.9598667401189359,
    "confusion": [
      [
        33536,
        2499
      ],
      [
        2643,
        23399
      ]
    ]
  },
  "XGBoost": {
    "accuracy": 0.915991429998228,
    "f1": 0.8994039466831273,
    "roc_auc": 0.9601017374384297,
    "confusion": [
      [
        33549,
        2486
      ],
      [
        2729,
        23313
      ]
    ]
  }
}